0;3;3;3;111;111;111
4;3;3;4;111;111;111
7;3;3;0;111;111;111
10;3;3;3;111;111;111
14;3;3;4;111;111;111
17;3;3;11;111;111;111
21;3;3;1;111;111;111
24;3;3;8;111;111;111
28;3;3;3;111;111;111
31;3;3;0;111;111;111
35;3;3;9;111;111;111
38;3;3;4;111;111;111
41;3;4;4;112;112;112
45;3;4;6;112;112;112
48;4;4;6;112;112;112
52;4;6;13;112;112;112
55;4;6;8;112;112;112
59;4;6;9;112;112;112
62;6;8;4;112;112;112
66;6;8;6;112;112;112
69;6;8;9;113;113;113
72;8;8;13;113;113;113
76;8;9;9;113;113;113
79;8;9;8;113;113;113
83;9;9;8;113;113;113
86;9;9;9;113;113;113
90;9;11;6;114;114;114
93;9;11;11;114;114;114
97;11;11;14;114;114;114
100;11;11;13;114;114;114
104;11;13;14;114;114;114
107;13;13;16;115;115;115
110;13;13;14;115;115;115
114;13;14;8;115;115;115
117;13;14;13;115;115;115
121;14;14;9;116;116;116
124;14;14;13;116;116;116
128;14;16;19;116;116;116
131;16;16;18;116;116;116
135;16;16;19;117;117;117
138;16;16;18;117;117;117
141;16;17;16;117;117;117
145;18;17;26;118;118;118
148;18;17;14;118;118;118
152;19;19;21;118;118;118
155;19;19;14;119;119;119
159;19;19;16;119;119;119
162;19;19;21;119;119;119
166;19;21;16;120;120;120
169;21;21;19;120;120;120
173;21;21;21;120;120;120
176;21;21;22;121;121;121
179;21;21;19;121;121;121
183;22;22;22;122;122;122
186;22;22;22;122;122;122
190;22;22;22;122;122;122
193;22;24;26;123;123;123
197;24;22;22;123;123;123
200;24;24;26;124;124;124
204;26;24;26;124;124;124
207;26;24;24;124;124;124
210;26;26;22;125;125;125
214;26;26;22;125;125;125
217;27;26;26;126;126;126
221;27;26;29;126;126;126
224;27;27;22;127;127;127
228;27;27;31;127;127;127
231;29;27;26;128;128;128
235;29;27;24;128;128;128
238;29;29;26;129;129;129
242;29;29;29;129;129;129
245;29;29;27;130;130;130
248;31;29;27;130;130;130
252;31;31;26;131;131;131
255;31;31;32;131;131;131
259;31;31;32;132;132;132
262;32;31;31;132;132;132
266;32;31;37;133;133;133
269;32;32;34;134;134;134
273;34;32;29;134;134;134
276;34;34;34;135;135;135
280;34;34;27;136;136;136
283;36;34;31;136;136;136
287;36;35;32;137;137;137
290;36;35;36;137;137;137
293;37;35;27;138;138;138
297;37;35;36;139;139;139
300;37;35;37;139;139;139
304;39;37;36;140;140;140
307;39;37;36;140;140;140
311;39;37;39;141;141;141
314;39;39;37;142;142;142
318;40;39;37;143;143;143
321;40;39;40;143;143;143
325;40;39;44;144;144;144
328;40;39;40;144;144;144
332;42;40;39;145;145;145
335;42;40;36;146;146;146
338;42;40;42;147;147;147
342;44;42;45;147;147;147
345;44;42;40;148;148;148
349;44;42;44;149;149;149
352;45;42;40;149;149;149
356;45;44;39;150;150;150
359;45;44;45;151;151;151
363;45;44;44;152;152;152
366;47;45;44;153;153;153
370;47;45;45;153;153;153
373;49;45;42;154;154;154
376;49;45;42;155;155;155
380;49;47;45;156;156;156
383;50;47;42;156;156;156
387;50;47;44;157;157;157
390;50;49;45;158;158;158
394;50;49;50;159;159;159
397;52;49;47;160;160;160
401;52;49;47;161;161;161
404;52;50;54;161;161;161
408;52;50;55;162;162;162
411;54;50;49;163;163;163
415;54;52;55;164;164;164
418;54;52;49;165;165;165
421;55;52;50;166;166;166
425;55;52;54;167;167;167
428;55;53;55;167;167;167
432;57;53;50;169;169;169
435;57;53;55;169;169;169
439;57;53;55;170;170;170
442;57;55;54;171;171;171
446;58;55;57;172;172;172
449;58;57;57;173;173;173
453;60;57;57;174;174;174
456;60;57;58;175;175;175
460;60;57;57;176;176;176
463;60;58;57;177;177;177
466;62;58;55;178;178;178
470;62;60;55;179;179;179
473;63;60;60;180;180;180
477;63;60;62;181;181;181
480;63;62;58;182;182;182
484;63;62;60;183;183;183
487;65;62;63;184;184;184
491;65;62;60;185;185;185
494;65;63;60;186;186;186
498;65;63;60;187;187;187
501;67;63;65;188;188;188
505;67;65;63;189;189;189
508;68;65;63;190;190;190
511;68;65;65;191;191;191
515;68;67;68;192;192;192
518;70;67;67;193;193;193
522;70;67;63;194;194;194
525;72;68;65;195;195;195
529;72;68;67;196;196;196
532;72;70;68;197;197;197
536;72;70;67;198;198;198
539;72;70;70;199;199;199
543;73;71;68;201;201;201
546;73;71;70;202;202;202
549;75;71;70;202;202;202
553;75;71;78;204;204;204
556;75;73;73;205;205;205
560;76;73;72;206;206;206
563;76;73;80;207;207;207
567;76;73;72;208;208;208
570;78;75;75;209;209;209
574;78;75;73;211;211;211
577;80;76;75;212;212;212
581;80;76;73;213;213;213
584;80;76;75;214;214;214
588;81;78;76;215;215;215
591;81;78;80;216;216;216
594;83;78;80;217;217;217
598;83;80;76;219;219;219
601;83;80;78;220;220;220
605;85;80;78;221;221;221
608;85;81;83;222;222;222
612;85;81;80;224;224;224
615;86;81;78;225;225;225
619;86;83;83;226;226;226
622;86;84;81;227;227;227
626;88;84;85;229;229;229
629;88;84;83;230;230;230
633;88;86;86;231;231;231
636;90;86;86;232;232;232
640;90;86;83;234;234;234
643;90;88;81;235;235;235
646;91;88;88;236;236;236
650;91;89;86;237;237;237
653;93;89;90;238;238;238
657;93;89;93;240;240;240
660;94;91;86;241;241;241
664;94;91;91;242;242;242
667;94;93;93;243;243;243
671;96;93;96;245;245;245
674;96;94;94;246;246;246
678;98;94;98;248;248;248
681;98;94;93;249;249;249
685;99;96;94;250;250;250
688;99;96;96;251;251;251
692;101;98;91;253;253;253
695;101;98;91;254;254;254
699;101;98;93;256;256;256
702;103;99;99;257;257;257
706;103;99;99;258;258;258
709;103;101;98;260;260;260
713;104;101;103;261;261;261
716;104;102;104;262;262;262
720;106;102;101;264;264;264
723;106;104;108;265;265;265
727;108;104;101;267;267;267
730;108;106;103;268;268;268
733;109;106;108;269;269;269
737;109;107;104;271;271;271
740;111;107;106;272;272;272
744;111;107;108;273;273;273
747;112;109;109;275;275;275
751;112;109;109;276;276;276
754;114;109;109;278;278;278
758;114;111;111;279;279;279
761;116;111;111;280;280;280
765;116;112;117;282;282;282
768;117;114;112;283;283;283
772;117;114;109;285;285;285
775;119;116;116;286;286;286
779;119;116;114;288;288;288
782;121;116;119;289;289;289
786;121;117;114;291;291;291
789;122;117;117;292;292;292
793;122;119;112;294;294;294
796;124;119;121;295;295;295
800;124;119;124;297;297;297
803;124;120;126;298;298;298
807;126;120;122;300;300;300
810;126;120;122;301;301;301
814;127;122;127;303;303;303
817;129;122;121;304;304;304
821;129;124;126;306;306;306
824;130;124;126;307;307;307
827;130;125;122;308;308;308
831;132;127;129;310;310;310
834;132;127;130;311;311;311
838;132;127;126;313;313;313
841;134;129;130;314;314;314
845;134;129;130;316;316;316
848;135;129;129;317;317;317
852;135;130;134;319;319;319
855;137;130;132;321;321;321
859;137;132;130;322;322;322
862;139;134;135;324;324;324
866;139;134;134;325;325;325
869;140;135;134;327;327;327
873;140;135;139;329;329;329
876;142;137;140;330;330;330
880;142;137;139;332;332;332
883;142;138;140;333;333;333
887;145;138;140;335;335;335
890;145;140;139;336;336;336
894;145;140;142;338;338;338
897;147;142;142;339;339;339
901;148;142;142;341;341;341
904;148;143;140;343;343;343
908;150;143;144;344;344;344
911;150;145;147;346;346;346
915;152;145;148;348;348;348
918;152;147;148;349;349;349
922;153;148;155;351;351;351
925;153;148;150;352;352;352
928;155;150;152;354;354;354
932;155;151;150;355;355;355
935;157;151;157;357;357;357
939;157;153;152;359;359;359
942;158;153;147;360;360;360
946;158;155;153;362;362;362
949;160;156;153;363;363;363
953;160;156;153;365;365;365
956;162;156;157;367;367;367
960;163;158;157;368;368;368
963;163;160;158;370;370;370
967;165;160;157;372;372;372
970;165;161;162;373;373;373
974;166;163;163;375;375;375
977;166;163;160;376;376;376
981;168;163;166;378;378;378
984;170;165;160;380;380;380
988;170;166;162;382;382;382
991;171;166;170;383;383;383
995;173;168;165;385;385;385
998;173;168;166;386;386;386
1002;173;169;165;388;388;388
1005;175;169;170;390;390;390
1009;176;171;166;392;392;392
1012;176;173;171;393;393;393
1016;178;173;175;395;395;395
1019;180;174;175;397;397;397
1023;180;174;173;398;398;398
1026;181;176;178;400;400;400
1030;181;178;178;402;402;402
1033;183;178;183;403;403;403
1037;184;179;178;405;405;405
1040;184;179;180;407;407;407
1044;186;181;176;409;409;409
1047;186;181;181;410;410;410
1051;188;183;178;412;412;412
1054;189;184;183;413;413;413
1058;191;184;183;415;415;415
1061;191;186;186;417;417;417
1065;193;186;181;419;419;419
1068;193;187;186;420;420;420
1071;194;189;189;422;422;422
1075;196;189;189;424;424;424
1078;198;191;193;425;425;425
1082;198;192;191;427;427;427
1085;201;192;194;429;429;429
1089;201;194;194;431;431;431
1092;202;196;193;432;432;432
1096;202;196;194;434;434;434
1099;204;197;196;436;436;436
1103;206;199;199;438;438;438
1106;206;199;201;439;439;439
1110;207;201;198;441;441;441
1113;207;202;207;442;442;442
1117;209;202;204;444;444;444
1120;211;204;201;446;446;446
1124;212;205;202;448;448;448
1127;212;205;206;449;449;449
1131;214;207;207;451;451;451
1134;214;207;206;453;453;453
1138;216;209;204;455;455;455
1141;217;210;209;456;456;456
1145;219;212;206;458;458;458
1148;219;212;214;460;460;460
1152;220;214;212;462;462;462
1155;222;214;217;463;463;463
1159;222;215;217;465;465;465
1162;224;217;212;467;467;467
1166;225;217;220;469;469;469
1169;225;218;217;470;470;470
1173;227;218;214;472;472;472
1176;229;220;219;474;474;474
1180;229;222;222;476;476;476
1183;230;222;227;477;477;477
1187;232;223;222;479;479;479
1190;234;223;224;481;481;481
1194;234;225;227;483;483;483
1197;234;227;224;484;484;484
1201;235;228;227;486;486;486
1204;237;228;230;488;488;488
1208;238;230;237;490;490;490
1211;240;230;235;491;491;491
1215;240;232;230;493;493;493
1218;242;233;230;495;495;495
1222;243;233;242;497;497;497
1225;243;235;238;498;498;498
1229;245;236;234;500;500;500
1232;247;238;240;502;502;502
1236;247;240;242;504;504;504
1239;248;240;237;505;505;505
1243;250;241;238;507;507;507
1246;250;243;243;509;509;509
1250;252;243;248;511;511;511
1253;253;245;243;513;513;513
1257;255;246;247;515;515;515
1260;255;248;248;516;516;516
1264;256;248;245;518;518;518
1267;258;250;248;520;520;520
1271;258;251;253;522;522;522
1274;260;253;252;523;523;523
1277;261;253;252;525;525;525
1281;263;254;253;527;527;527
1284;265;256;261;528;528;528
1288;265;258;260;530;530;530
1291;266;258;258;532;532;532
1295;266;259;260;534;534;534
1298;268;261;268;535;535;535
1302;270;261;256;537;537;537
1305;271;263;265;539;539;539
1309;271;264;265;541;541;541
1312;274;264;266;542;542;542
1316;274;266;268;544;544;544
1319;276;268;268;546;546;546
1323;278;268;263;548;548;548
1326;278;269;270;549;549;549
1330;279;269;271;551;551;551
1333;281;271;273;553;553;553
1337;283;272;271;555;555;555
1340;284;274;270;556;556;556
1344;284;274;274;558;558;558
1347;286;276;279;560;560;560
1351;288;277;281;562;562;562
1354;289;277;276;563;563;563
1358;289;279;279;565;565;565
1361;291;281;284;567;567;567
1365;292;281;284;569;569;569
1368;292;282;283;570;570;570
1372;294;282;286;572;572;572
1375;296;284;288;574;574;574
1379;297;285;288;576;576;576
1382;299;287;294;577;577;577
1386;299;287;292;579;579;579
1389;301;289;291;581;581;581
1393;302;289;294;582;582;582
1396;302;290;297;584;584;584
1400;304;292;297;586;586;586
1403;306;294;294;587;587;587
1407;306;294;301;589;589;589
1410;307;295;304;591;591;591
1414;309;297;297;593;593;593
1417;309;299;299;594;594;594
1421;310;299;304;596;596;596
1424;312;300;309;598;598;598
1428;314;302;306;600;600;600
1431;314;302;307;601;601;601
1435;315;303;312;603;603;603
1438;317;305;309;605;605;605
1442;319;307;307;607;607;607
1445;319;307;315;608;608;608
1449;320;308;314;610;610;610
1452;322;310;312;611;611;611
1456;322;310;314;613;613;613
1459;324;312;312;615;615;615
1463;325;313;322;617;617;617
1466;325;313;310;618;618;618
1470;327;315;317;620;620;620
1473;328;317;324;622;622;622
1477;330;318;317;624;624;624
1480;330;318;320;625;625;625
1484;332;320;327;627;627;627
1487;333;321;322;628;628;628
1491;333;321;324;630;630;630
1494;335;323;325;632;632;632
1498;337;325;328;634;634;634
1501;338;325;332;635;635;635
1505;338;326;332;637;637;637
1508;340;328;330;638;638;638
1512;342;328;338;640;640;640
1515;342;330;338;642;642;642
1519;343;330;335;644;644;644
1522;345;331;337;645;645;645
1526;347;333;337;647;647;647
1529;348;333;337;648;648;648
1533;348;335;337;650;650;650
1536;350;336;337;652;652;652
1540;351;338;337;654;654;654
1543;351;338;345;655;655;655
1546;353;339;345;656;656;656
1550;355;341;343;658;658;658
1553;356;343;343;660;660;660
1557;358;343;353;662;662;662
1560;358;344;345;663;663;663
1564;360;346;348;665;665;665
1567;361;348;348;666;666;666
1571;363;348;350;668;668;668
1574;365;349;353;669;669;669
1578;365;351;353;671;671;671
1581;366;352;355;673;673;673
1585;368;352;358;674;674;674
1588;369;354;353;676;676;676
1592;369;356;360;678;678;678
1595;371;356;356;679;679;679
1599;373;357;356;681;681;681
1602;374;359;356;682;682;682
1606;374;361;361;684;684;684
1609;376;361;366;685;685;685
1613;378;362;365;687;687;687
1616;378;364;365;689;689;689
1620;379;364;368;690;690;690
1623;381;366;363;692;692;692
1627;383;367;369;693;693;693
1630;384;367;369;695;695;695
1634;384;369;371;697;697;697
1637;386;370;373;696;696;696
1641;386;370;373;695;695;695
1644;387;372;366;694;694;694
1647;389;372;374;693;693;693
1651;389;374;378;692;692;692
1654;391;374;379;691;691;691
1657;392;375;381;690;690;690
1661;392;377;379;689;689;689
1664;394;377;384;688;688;688
1667;396;379;379;687;687;687
1671;397;379;383;686;686;686
1674;397;380;383;685;685;685
1677;399;380;386;684;684;684
1681;401;382;389;683;683;683
1684;401;384;386;682;682;682
1687;402;384;389;681;681;681
1691;404;385;391;680;680;680
1694;404;387;391;679;679;679
1697;405;387;392;678;678;678
1701;407;388;397;677;677;677
1704;409;390;391;676;676;676
1707;409;390;396;675;675;675
1711;410;392;391;674;674;674
1714;412;393;394;673;673;673
1717;414;393;397;672;672;672
1720;414;395;402;671;671;671
1724;415;397;405;670;670;670
1727;417;398;401;669;669;669
1730;417;398;401;668;668;668
1734;419;400;409;667;667;667
1737;419;402;401;666;666;666
1740;420;402;409;665;665;665
1744;422;403;412;664;664;664
1747;422;405;412;663;663;663
1750;423;406;412;662;662;662
1754;425;406;412;661;661;661
1757;425;408;415;660;660;660
1760;427;410;419;659;659;659
1764;428;410;414;658;658;658
1767;428;411;412;657;657;657
1770;430;413;415;656;656;656
1774;432;415;420;655;655;655
1777;433;415;419;654;654;654
1780;433;415;420;653;653;653
1784;435;416;419;652;652;652
1787;437;418;427;651;651;651
1790;437;418;423;650;650;650
1794;437;419;420;649;649;649
1797;438;421;428;648;648;648
1800;440;421;423;647;647;647
1804;440;423;425;646;646;646
1807;441;423;428;645;645;645
1810;443;424;430;644;644;644
1814;443;426;428;643;643;643
1817;445;426;432;642;642;642
1820;445;428;432;641;641;641
1824;448;428;430;640;640;640
1827;446;429;430;639;639;639
1830;448;431;432;638;638;638
1834;450;431;432;637;637;637
1837;450;431;437;636;636;636
1840;451;433;437;635;635;635
1844;453;434;435;634;634;634
1847;453;434;435;633;633;633
1850;455;436;441;632;632;632
1854;455;436;445;631;631;631
1857;456;437;446;630;630;630
1860;456;437;445;629;629;629
1864;456;439;443;628;628;628
1867;458;439;448;627;627;627
1870;459;441;443;626;626;626
1874;459;441;445;625;625;625
1877;461;441;446;624;624;624
1880;461;442;450;623;623;623
1884;461;442;451;622;622;622
1887;463;444;446;621;621;621
1890;463;446;450;620;620;620
1893;464;446;448;619;619;619
1897;464;446;451;618;618;618
1900;466;447;451;617;617;617
1903;466;449;456;616;616;616
1907;466;449;455;615;615;615
1910;468;449;455;614;614;614
1913;469;451;455;613;613;613
1917;469;451;453;612;612;612
1920;469;452;456;611;611;611
1923;471;452;459;610;610;610
1927;471;454;459;609;609;609
1930;471;454;456;608;608;608
1933;473;455;458;607;607;607
1937;473;455;458;606;606;606
1940;474;455;456;605;605;605
1943;474;455;459;604;604;604
1947;474;457;463;603;603;603
1950;476;457;458;602;602;602
1953;476;457;466;601;601;601
1957;476;459;469;600;600;600
1960;477;460;464;599;599;599
1963;477;460;468;598;598;598
1967;479;460;464;597;597;597
1970;479;462;464;596;596;596
1973;479;462;469;595;595;595
1977;481;464;464;594;594;594
1980;481;464;468;593;593;593
1983;481;464;464;592;592;592
1987;482;465;469;591;591;591
1990;481;465;469;590;590;590
1993;482;465;464;589;589;589
1997;482;467;468;588;588;588
2000;482;465;468;587;587;587
2003;484;467;471;586;586;586
2007;484;467;471;585;585;585
2010;484;469;471;584;584;584
2013;484;469;476;583;583;583
2017;486;469;471;582;582;582
2020;486;469;474;581;581;581
2023;486;470;474;580;580;580
2027;487;470;474;579;579;579
2030;487;470;473;578;578;578
2033;487;472;481;577;577;577
2036;487;472;477;576;576;576
2040;487;472;479;575;575;575
2043;489;472;486;574;574;574
2046;489;473;477;573;573;573
2050;489;473;474;572;572;572
2053;489;473;473;571;571;571
2056;489;473;481;570;570;570
2060;491;473;481;569;569;569
2063;491;475;479;568;568;568
2066;491;475;479;567;567;567
2070;491;475;481;566;566;566
2073;491;475;482;565;565;565
2076;491;475;482;564;564;564
2080;492;477;481;563;563;563
2083;492;477;489;562;562;562
2086;492;477;482;561;561;561
2090;494;477;484;560;560;560
2093;492;478;486;559;559;559
2096;494;478;482;558;558;558
2100;494;478;487;557;557;557
2103;494;478;484;556;556;556
2106;494;478;484;555;555;555
2110;495;480;481;554;554;554
2113;494;480;479;553;553;553
2116;494;480;486;552;552;552
2120;495;480;481;551;551;551
2123;495;480;486;550;550;550
2126;495;480;487;549;549;549
2130;497;480;487;548;548;548
2133;495;482;481;547;547;547
2136;497;482;486;546;546;546
2140;497;482;489;545;545;545
2143;497;483;482;544;544;544
2146;497;482;489;543;543;543
2150;497;482;486;542;542;542
2153;497;483;477;541;541;541
2156;497;483;489;540;540;540
2160;497;483;484;539;539;539
2163;497;483;486;538;538;538
2166;499;483;486;537;537;537
2170;499;483;487;536;536;536
2173;499;483;491;535;535;535
2176;499;483;486;534;534;534
2180;499;483;486;533;533;533
2183;499;485;489;532;532;532
2186;500;485;487;531;531;531
2189;500;485;491;530;530;530
2193;500;485;489;529;529;529
2196;500;485;489;528;528;528
2199;500;485;487;527;527;527
2203;502;485;484;526;526;526
2206;500;486;486;525;525;525
2209;500;485;491;524;524;524
2213;502;486;487;523;523;523
2216;502;486;491;522;522;522
2219;502;486;491;521;521;521
2223;502;486;491;520;520;520
2226;502;486;494;519;519;519
2229;502;486;489;518;518;518
2233;502;488;491;517;517;517
2236;504;486;489;516;516;516
2239;504;488;494;515;515;515
2243;504;488;491;514;514;514
2246;504;488;489;513;513;513
2249;504;488;495;512;512;512
2253;504;488;494;511;511;511
2256;504;488;494;510;510;510
2259;504;490;494;509;509;509
2263;505;488;494;508;508;508
2266;505;490;495;507;507;507
2269;505;490;495;506;506;506
2273;505;488;494;505;505;505
2276;505;490;492;504;504;504
2279;505;490;495;503;503;503
2283;505;490;491;502;502;502
2286;505;491;495;501;501;501
2289;505;490;494;500;500;500
2293;505;491;499;499;499;499
2296;505;491;492;498;498;498
2299;505;491;497;497;497;497
2303;505;491;495;496;496;496
2306;505;491;489;495;495;495
2309;505;493;497;494;494;494
2313;507;491;494;493;493;493
2316;505;493;494;492;492;492
2319;507;491;497;491;491;491
2322;507;493;489;490;490;490
2326;507;493;497;489;489;489
2329;507;493;494;488;488;488
2332;507;493;495;487;487;487
2336;507;491;495;486;486;486
2339;507;493;492;485;485;485
2342;507;493;494;484;484;484
2346;507;493;495;483;483;483
2349;507;493;492;482;482;482
2352;507;493;495;481;481;481
2356;507;493;499;480;480;480
2359;507;493;495;479;479;479
2362;507;493;492;478;478;478
2366;507;493;497;477;477;477
2369;507;493;489;476;476;476
2372;507;493;492;475;475;475
2376;507;491;499;474;474;474
2379;507;491;494;473;473;473
2382;505;491;497;472;472;472
2386;505;491;494;471;471;471
2389;507;491;497;470;470;470
2392;505;491;494;469;469;469
2396;505;491;492;468;468;468
2399;505;491;494;467;467;467
2402;505;491;494;466;466;466
2406;505;491;492;465;465;465
2409;505;491;489;464;464;464
2412;505;491;491;463;463;463
2416;505;491;491;462;462;462
2419;505;490;491;461;461;461
2422;505;490;489;460;460;460
2426;504;490;489;459;459;459
2429;504;490;491;458;458;458
2432;504;490;489;457;457;457
2436;504;490;491;456;456;456
2439;502;490;492;455;455;455
2442;502;490;491;454;454;454
2446;504;490;489;453;453;453
2449;502;488;489;452;452;452
2452;502;488;491;451;451;451
2456;502;488;489;450;450;450
2459;502;488;487;449;449;449
2462;502;488;486;448;448;448
2466;502;488;489;447;447;447
2469;502;488;487;446;446;446
2472;500;488;487;445;445;445
2475;500;488;486;444;444;444
2479;500;486;486;443;443;443
2482;500;486;486;442;442;442
2485;500;486;486;441;441;441
2489;500;486;487;440;440;440
2492;499;486;484;439;439;439
2495;499;486;484;438;438;438
2499;499;486;487;437;437;437
2502;499;486;487;436;436;436
2505;499;486;484;435;435;435
2509;499;485;482;434;434;434
2512;499;485;484;433;433;433
2515;499;485;487;432;432;432
2519;497;485;487;431;431;431
2522;497;485;487;430;430;430
2525;497;483;487;429;429;429
2529;497;483;481;428;428;428
2532;497;485;481;427;427;427
2535;497;483;486;426;426;426
2539;495;483;481;425;425;425
2542;495;483;484;424;424;424
2545;495;483;484;423;423;423
2549;495;483;486;422;422;422
2552;495;483;481;421;421;421
2555;495;482;482;420;420;420
2559;495;482;481;419;419;419
2562;494;482;487;418;418;418
2565;494;482;479;417;417;417
2569;494;482;482;416;416;416
2572;494;482;481;415;415;415
2575;494;482;481;414;414;414
2579;492;482;482;413;413;413
2582;492;482;479;412;412;412
2585;492;480;479;411;411;411
2589;492;480;481;410;410;410
2592;492;480;477;409;409;409
2595;492;480;476;408;408;408
2599;492;480;479;407;407;407
2602;491;480;477;406;406;406
2605;491;478;479;405;405;405
2609;491;478;479;404;404;404
2612;491;478;479;403;403;403
2615;489;478;477;402;402;402
2619;489;478;476;401;401;401
2622;489;478;476;400;400;400
2625;489;477;481;399;399;399
2628;487;478;476;398;398;398
2632;487;477;473;397;397;397
2635;487;477;481;396;396;396
2638;487;475;474;395;395;395
2642;487;477;476;394;394;394
2645;487;475;473;393;393;393
2648;487;475;474;392;392;392
2652;486;475;477;391;391;391
2655;486;475;474;390;390;390
2658;486;475;474;389;389;389
2662;484;475;473;388;388;388
2665;486;473;474;387;387;387
2668;484;473;473;386;386;386
2672;484;473;474;385;385;385
2675;482;473;471;384;384;384
2678;484;473;473;383;383;383
2682;482;472;469;382;382;382
2685;482;472;471;381;381;381
2688;482;472;474;380;380;380
2692;481;472;474;379;379;379
2695;481;472;469;378;378;378
2698;481;470;471;377;377;377
2702;481;470;471;376;376;376
2705;479;470;466;375;375;375
2708;479;470;469;374;374;374
2712;479;469;473;373;373;373
2715;477;469;468;372;372;372
2718;479;469;468;371;371;371
2722;477;469;469;370;370;370
2725;477;469;466;369;369;369
2728;477;467;468;368;368;368
2732;476;467;469;367;367;367
2735;476;467;468;366;366;366
2738;476;465;464;365;365;365
2742;476;465;466;364;364;364
2745;474;465;466;363;363;363
2748;474;465;464;362;362;362
2752;473;464;464;361;361;361
2755;473;464;464;360;360;360
2758;473;464;461;359;359;359
2762;473;464;461;358;358;358
2765;473;464;461;357;357;357
2768;471;462;464;356;356;356
2772;471;462;458;355;355;355
2775;471;462;459;354;354;354
2778;469;460;458;353;353;353
2781;469;460;461;352;352;352
2785;469;460;459;351;351;351
2788;469;459;458;350;350;350
2791;468;459;459;349;349;349
2795;468;459;458;348;348;348
2798;468;459;464;347;347;347
2801;466;457;461;346;346;346
2805;466;457;458;345;345;345
2808;466;457;459;344;344;344
2811;464;457;455;343;343;343
2815;464;455;456;342;342;342
2818;463;455;456;341;341;341
2821;463;455;450;340;340;340
2825;463;455;455;339;339;339
2828;463;455;456;338;338;338
2831;463;454;453;337;337;337
2835;461;454;455;336;336;336
2838;461;454;451;335;335;335
2841;461;452;453;334;334;334
2845;459;452;450;333;333;333
2848;459;452;453;332;332;332
2851;459;451;450;331;331;331
2855;458;451;446;330;330;330
2858;458;451;445;329;329;329
2861;456;449;450;328;328;328
2865;456;449;445;327;327;327
2868;456;449;451;326;326;326
2871;456;449;445;325;325;325
2875;455;447;450;324;324;324
2878;455;447;448;323;323;323
2881;453;447;445;322;322;322
2885;453;447;441;321;321;321
2888;451;446;440;320;320;320
2891;451;444;443;319;319;319
2895;451;444;443;318;318;318
2898;451;444;445;317;317;317
2901;451;442;441;316;316;316
2905;450;442;441;315;315;315
2908;448;442;438;314;314;314
2911;448;442;441;313;313;313
2915;448;441;437;312;312;312
2918;448;441;438;311;311;311
2921;446;441;437;310;310;310
2925;446;439;438;309;309;309
2928;445;439;437;308;308;308
2931;445;439;433;307;307;307
2934;445;439;435;306;306;306
2938;443;439;432;305;305;305
2941;443;437;433;304;304;304
2944;441;437;433;303;303;303
2948;441;436;428;302;302;302
2951;441;436;435;301;301;301
2954;440;436;430;300;300;300
2958;440;434;428;299;299;299
2961;440;434;433;298;298;298
2964;438;434;433;297;297;297
2968;437;433;427;296;296;296
2971;437;433;430;295;295;295
2974;437;433;425;294;294;294
2978;437;431;428;293;293;293
2981;435;431;425;292;292;292
2984;435;431;423;291;291;291
2988;433;429;425;290;290;290
2991;433;429;422;289;289;289
2994;432;429;422;288;288;288
2998;432;428;428;287;287;287
3001;432;428;420;286;286;286
3004;432;428;422;285;285;285
3008;430;426;419;284;284;284
3011;430;426;419;283;283;283
3014;428;424;422;282;282;282
3018;428;424;427;281;281;281
3021;427;424;423;280;280;280
3024;427;423;422;279;279;279
3028;427;423;412;278;278;278
3031;425;421;423;277;277;277
3034;425;421;417;276;276;276
3038;425;421;417;275;275;275
3041;423;419;412;274;274;274
3044;423;419;419;273;273;273
3048;422;418;419;272;272;272
3051;422;418;414;271;271;271
3054;420;418;414;270;270;270
3058;420;416;415;269;269;269
3061;420;416;412;268;268;268
3064;419;416;420;267;267;267
3068;419;415;414;266;266;266
3071;419;415;412;265;265;265
3074;417;413;412;264;264;264
3078;417;413;407;263;263;263
3081;417;411;404;262;262;262
3084;415;411;409;261;261;261
3087;414;410;405;260;260;260
3091;414;410;405;259;259;259
3094;414;410;402;258;258;258
3097;412;408;404;257;257;257
3101;412;408;404;256;256;256
3104;410;408;410;255;255;255
3107;410;406;404;254;254;254
3111;410;406;407;253;253;253
3114;409;405;405;252;252;252
3117;409;405;402;251;251;251
3121;407;403;399;250;250;250
3124;407;403;399;249;249;249
3127;405;403;399;248;248;248
3131;405;402;401;247;247;247
3134;404;402;402;246;246;246
3137;404;400;396;245;245;245
3141;404;400;397;244;244;244
3144;402;398;397;243;243;243
3147;402;398;396;242;242;242
3151;401;398;394;241;241;241
3154;401;397;397;240;240;240
3157;401;397;394;239;239;239
3161;399;397;392;238;238;238
3164;399;395;399;237;237;237
3167;397;393;391;236;236;236
3171;397;393;389;235;235;235
3174;396;393;387;234;234;234
3177;396;392;389;233;233;233
3181;396;392;387;232;232;232
3184;394;390;384;231;231;231
3187;394;390;386;230;230;230
3191;392;388;386;229;229;229
3194;392;388;389;228;228;228
3197;391;388;387;227;227;227
3201;391;387;381;226;226;226
3204;391;387;384;225;225;225
3207;389;385;379;224;224;224
3211;389;385;383;223;223;223
3214;387;384;381;222;222;222
3217;387;384;383;221;221;221
3221;387;382;381;220;220;220
3224;386;382;378;219;219;219
3227;386;382;376;218;218;218
3231;384;382;376;217;217;217
3234;383;380;378;216;216;216
3237;383;380;376;215;215;215
3240;383;379;376;214;214;214
3244;381;379;374;213;213;213
3247;381;377;373;212;212;212
3250;379;377;371;211;211;211
3254;379;377;376;210;210;210
3257;378;375;371;209;209;209
3260;378;375;374;208;208;208
3264;378;374;374;207;207;207
3267;376;374;369;206;206;206
3270;376;372;369;205;205;205
3274;374;372;374;204;204;204
3277;374;372;368;203;203;203
3280;373;370;368;202;202;202
3284;373;370;371;201;201;201
3287;371;369;365;200;200;200
3290;371;369;369;199;199;199
3294;369;367;361;198;198;198
3297;369;367;363;197;197;197
3300;368;367;361;196;196;196
3304;368;366;363;195;195;195
3307;366;366;365;194;194;194
3310;366;364;361;193;193;193
3314;365;364;365;192;192;192
3317;365;364;356;191;191;191
3320;363;362;358;190;190;190
3324;363;361;355;189;189;189
3327;361;361;355;188;188;188
3330;361;361;351;187;187;187
3334;360;359;358;186;186;186
3337;360;357;353;185;185;185
3340;358;357;355;184;184;184
3344;358;357;351;183;183;183
3347;356;356;350;182;182;182
3350;356;354;348;181;181;181
3354;355;354;343;180;180;180
3357;355;354;351;179;179;179
3360;353;352;348;178;178;178
3364;351;352;353;177;177;177
3367;351;351;348;176;176;176
3370;350;351;351;175;175;175
3374;350;349;350;174;174;174
3377;350;349;347;173;173;173
3380;348;348;347;172;172;172
3384;348;348;340;171;171;171
3387;347;346;342;170;170;170
3390;347;346;342;169;169;169
3393;345;346;338;168;168;168
3397;345;344;337;167;167;167
3400;343;344;342;166;166;166
3403;343;343;333;165;165;165
3407;342;343;333;164;164;164
3410;342;341;340;163;163;163
3413;340;341;340;162;162;162
3417;340;339;338;161;161;161
3420;338;339;332;160;160;160
3423;338;338;335;159;159;159
3427;337;338;337;158;158;158
3430;337;336;337;157;157;157
3433;335;336;335;156;156;156
3437;335;335;328;155;155;155
3440;333;335;330;154;154;154
3443;333;333;324;153;153;153
3447;332;333;330;152;152;152
3450;332;331;332;151;151;151
3453;330;331;324;150;150;150
3457;330;331;324;149;149;149
3460;328;330;332;148;148;148
3463;328;330;328;147;147;147
3467;327;328;325;146;146;146
3470;327;328;330;145;145;145
3473;327;326;324;144;144;144
3477;325;326;320;143;143;143
3480;325;325;315;142;142;142
3483;324;325;322;141;141;141
3487;324;323;317;140;140;140
3490;322;323;315;139;139;139
3493;322;321;320;138;138;138
3497;320;321;314;137;137;137
3500;320;320;317;136;136;136
3503;320;318;319;135;135;135
3507;319;318;312;134;134;134
3510;317;317;314;133;133;133
3513;317;317;312;132;132;132
3517;315;315;312;131;131;131
3520;315;315;309;130;130;130
3523;314;313;314;129;129;129
3527;314;313;310;128;128;128
3530;312;312;306;127;127;127
3533;312;312;306;126;126;126
3537;310;310;309;125;125;125
3540;310;310;310;124;124;124
3543;309;308;306;123;123;123
3546;309;308;304;122;122;122
3550;307;307;304;121;121;121
3553;307;307;301;120;120;120
3556;306;305;302;119;119;119
3560;306;305;297;118;118;118
3563;304;303;302;117;117;117
3566;302;303;302;116;116;116
3570;302;302;304;115;115;115
3573;301;302;294;114;114;114
3576;301;300;296;113;113;113
3580;299;300;299;112;112;112
3583;299;299;294;111;111;111
3586;299;299;296;110;110;110
3590;297;297;297;109;109;109
3593;296;295;294;108;108;108
3596;296;295;294;107;107;107
3600;294;294;288;106;106;106
3603;294;294;288;105;105;105
3606;292;292;291;104;104;104
3610;292;292;284;103;103;103
3613;291;290;291;102;102;102
3616;291;290;284;101;101;101
3620;289;290;281;100;100;100
3623;289;289;288;99;99;99
3626;288;287;286;98;98;98
3630;288;287;283;97;97;97
3633;286;287;286;96;96;96
3636;286;285;283;95;95;95
3640;284;285;283;94;94;94
3643;283;284;286;93;93;93
3646;283;284;281;92;92;92
3649;281;282;278;91;91;91
3653;281;282;274;90;90;90
3656;281;281;274;89;89;89
3659;279;281;276;88;88;88
3663;278;279;274;87;87;87
3666;278;279;274;86;86;86
3669;276;277;273;85;85;85
3673;276;277;271;84;84;84
3676;274;276;273;83;83;83
3679;274;276;271;82;82;82
3683;273;274;266;81;81;81
3686;271;274;265;80;80;80
3689;271;272;266;79;79;79
3693;270;272;268;78;78;78
3696;268;271;268;77;77;77
3699;268;271;263;76;76;76
3702;268;269;261;75;75;75
3706;266;268;263;74;74;74
3709;266;268;261;73;73;73
3712;265;266;261;72;72;72
3716;265;266;258;71;71;71
3719;263;264;263;70;70;70
3722;261;264;256;69;69;69
3726;261;263;258;68;68;68
3729;260;263;253;67;67;67
3732;260;261;252;66;66;66
3736;258;259;256;65;65;65
3739;258;259;253;64;64;64
3742;256;258;248;63;63;63
3746;256;258;253;62;62;62
3749;255;256;250;61;61;61
3752;255;256;247;60;60;60
3755;253;254;252;59;59;59
3759;252;254;250;58;58;58
3762;252;253;247;57;57;57
3765;250;251;245;56;56;56
3769;250;251;247;55;55;55
3772;248;250;247;54;54;54
3775;248;250;243;53;53;53
3779;247;248;243;52;52;52
3782;245;248;238;51;51;51
3785;245;246;242;50;50;50
3789;245;246;247;49;49;49
3792;243;245;245;48;48;48
3795;243;245;237;47;47;47
3799;242;243;238;46;46;46
3802;242;241;242;45;45;45
3805;240;241;237;44;44;44
3809;240;240;237;43;43;43
3812;238;240;230;42;42;42
3815;238;238;234;41;41;41
3818;237;238;230;40;40;40
3822;235;236;234;39;39;39
3825;235;236;234;38;38;38
3828;234;235;230;37;37;37
3832;234;235;225;36;36;36
3835;232;233;227;35;35;35
3838;232;232;230;34;34;34
3842;230;232;229;33;33;33
3845;230;230;229;32;32;32
3848;229;230;225;31;31;31
3852;229;230;220;30;30;30
3855;227;228;224;29;29;29
3858;227;227;220;28;28;28
3862;225;227;220;27;27;27
3865;224;225;219;26;26;26
3868;224;223;222;25;25;25
3871;224;223;220;24;24;24
3875;222;223;220;23;23;23
3878;220;222;216;22;22;22
3881;219;220;219;21;21;21
3885;219;220;216;20;20;20
3888;217;218;214;19;19;19
3891;217;218;214;18;18;18
3895;217;217;214;17;17;17
3898;216;217;216;16;16;16
3901;214;215;212;15;15;15
3905;214;215;211;14;14;14
3908;212;214;214;13;13;13
3911;212;214;212;12;12;12
3915;212;212;212;11;11;11
3918;211;210;204;10;10;10
3921;209;210;206;9;9;9
3924;207;209;204;8;8;8
3928;207;209;199;7;7;7
3931;207;207;204;6;6;6
3934;206;205;206;5;5;5
3938;204;205;204;4;4;4
3941;204;205;198;3;3;3
3944;202;204;201;2;2;2
3948;201;204;194;1;1;1
3951;201;204;196;0;0;0
3954;201;202;198;0;0;0
3958;199;201;196;0;0;0
3961;198;199;196;0;0;0
3964;198;199;196;0;0;0
3967;196;197;193;0;0;0
3971;194;197;189;0;0;0
3974;193;197;191;0;0;0
3977;193;196;189;0;0;0
3981;191;194;193;0;0;0
3984;191;194;184;0;0;0
3987;189;192;188;0;0;0
3991;189;192;186;0;0;0
3994;188;191;183;0;0;0
3997;188;191;181;0;0;0
4001;186;189;183;0;0;0
4004;186;187;181;0;0;0
4007;184;187;184;0;0;0
4010;184;186;180;0;0;0
4014;183;186;180;0;0;0
4017;181;184;180;0;0;0
4020;181;184;178;0;0;0
4024;181;184;175;0;0;0
4027;180;183;178;0;0;0
4030;178;183;176;0;0;0
4034;178;181;180;0;0;0
4037;176;181;175;0;0;0
4040;176;179;176;0;0;0
4044;176;179;176;0;0;0
4047;175;178;176;0;0;0
4050;173;176;175;0;0;0
4053;173;176;166;0;0;0
4057;173;176;170;0;0;0
4060;171;174;175;0;0;0
4063;171;174;173;0;0;0
4067;170;174;168;0;0;0
4070;170;173;163;0;0;0
4073;168;171;170;0;0;0
4077;168;171;166;0;0;0
4080;166;171;165;0;0;0
4083;166;169;168;0;0;0
4087;165;169;163;0;0;0
4090;165;168;162;0;0;0
4093;163;168;157;0;0;0
4096;163;166;163;0;0;0
4100;162;165;162;0;0;0
4103;162;165;158;0;0;0
4106;160;165;160;0;0;0
4110;160;163;157;0;0;0
4113;158;163;158;0;0;0
4116;158;161;157;0;0;0
4120;158;161;158;0;0;0
4123;157;160;155;0;0;0
4126;157;160;153;0;0;0
4130;155;158;153;0;0;0
4133;155;158;152;0;0;0
4136;153;156;155;0;0;0
4139;153;156;155;0;0;0
4143;153;155;152;0;0;0
4146;152;155;150;0;0;0
4149;152;155;150;0;0;0
4153;150;153;145;0;0;0
4156;150;153;147;0;0;0
4159;148;153;150;0;0;0
4163;148;151;153;0;0;0
4166;148;151;150;0;0;0
4169;148;150;145;0;0;0
4172;147;148;152;0;0;0
4176;145;148;145;0;0;0
4179;145;147;144;0;0;0
4182;145;147;144;0;0;0
4186;144;147;142;0;0;0
4189;144;145;142;0;0;0
4192;142;145;137;0;0;0
4196;142;145;139;0;0;0
4199;142;143;142;0;0;0
4202;140;143;137;0;0;0
4206;140;142;142;0;0;0
4209;139;142;140;0;0;0
4212;139;142;137;0;0;0
4215;139;140;137;0;0;0
4219;137;140;135;0;0;0
4222;137;140;134;0;0;0
4225;137;138;139;0;0;0
4229;135;138;137;0;0;0
4232;135;137;132;0;0;0
4235;134;137;135;0;0;0
4239;134;135;130;0;0;0
4242;132;135;135;0;0;0
4245;132;135;134;0;0;0
4249;132;135;130;0;0;0
4252;130;134;134;0;0;0
4255;130;134;132;0;0;0
4258;130;134;127;0;0;0
4262;129;132;134;0;0;0
4265;129;132;127;0;0;0
4268;127;130;126;0;0;0
4272;127;130;126;0;0;0
4275;127;130;124;0;0;0
4278;127;129;126;0;0;0
4282;126;129;122;0;0;0
4285;126;129;124;0;0;0
4288;126;127;122;0;0;0
4292;124;127;126;0;0;0
4295;124;127;124;0;0;0
4298;124;125;122;0;0;0
4301;122;125;119;0;0;0
4305;122;125;122;0;0;0
4308;122;124;122;0;0;0
4311;121;124;119;0;0;0
4315;121;124;122;0;0;0
4318;119;122;121;0;0;0
4321;119;122;119;0;0;0
4325;117;122;117;0;0;0
4328;117;120;121;0;0;0
4331;117;120;117;0;0;0
4335;117;119;114;0;0;0
4338;116;119;119;0;0;0
4341;116;119;114;0;0;0
4344;116;119;114;0;0;0
4348;114;119;116;0;0;0
4351;114;117;114;0;0;0
4354;114;117;111;0;0;0
4358;112;117;116;0;0;0
4361;112;116;109;0;0;0
4364;111;116;112;0;0;0
4368;111;114;109;0;0;0
4371;111;114;112;0;0;0
4374;109;114;111;0;0;0
4378;109;114;112;0;0;0
4381;109;112;109;0;0;0
4384;108;112;108;0;0;0
4387;108;112;104;0;0;0
4391;108;111;109;0;0;0
4394;108;111;111;0;0;0
4397;108;111;108;0;0;0
4401;106;109;106;0;0;0
4404;106;109;103;0;0;0
4407;104;109;104;0;0;0
4411;104;107;104;0;0;0
4414;104;107;108;0;0;0
4417;103;107;103;0;0;0
4420;103;107;99;0;0;0
4424;103;106;106;0;0;0
4427;103;106;101;0;0;0
4430;101;106;99;0;0;0
4434;101;104;101;0;0;0
4437;99;104;104;0;0;0
4440;99;104;96;0;0;0
4444;99;104;103;0;0;0
4447;99;102;94;0;0;0
4450;98;102;96;0;0;0
4454;98;102;94;0;0;0
4457;98;102;101;0;0;0
4460;98;101;96;0;0;0
4463;96;101;96;0;0;0
4467;96;101;98;0;0;0
4470;96;99;99;0;0;0
4473;96;99;94;0;0;0
4477;94;99;96;0;0;0
4480;94;98;99;0;0;0
4483;94;98;93;0;0;0
4487;93;98;91;0;0;0
4490;93;96;94;0;0;0
4493;93;96;96;0;0;0
4497;91;96;94;0;0;0
4500;91;96;88;0;0;0
4503;91;96;88;0;0;0
4506;91;94;93;0;0;0
4510;91;94;93;0;0;0
4513;90;94;93;0;0;0
4516;90;94;90;0;0;0
4520;90;93;90;0;0;0
4523;90;93;93;0;0;0
4526;88;93;88;0;0;0
4530;88;91;86;0;0;0
4533;88;91;83;0;0;0
4536;88;91;88;0;0;0
4539;86;91;83;0;0;0
4543;86;89;83;0;0;0
4546;86;91;83;0;0;0
4549;86;89;85;0;0;0
4553;85;89;85;0;0;0
4556;85;89;81;0;0;0
4559;85;89;81;0;0;0
4563;85;88;81;0;0;0
4566;85;88;86;0;0;0
4569;83;88;86;0;0;0
4572;83;86;76;0;0;0
4576;83;86;83;0;0;0
4579;81;86;85;0;0;0
4582;81;86;81;0;0;0
4586;81;86;80;0;0;0
4589;81;84;78;0;0;0
4592;81;84;78;0;0;0
4596;80;84;78;0;0;0
4599;80;84;75;0;0;0
4602;80;83;80;0;0;0
4605;80;83;78;0;0;0
4609;78;83;78;0;0;0
4612;78;81;85;0;0;0
4615;78;81;81;0;0;0
4619;78;81;76;0;0;0
4622;78;81;85;0;0;0
4625;76;81;75;0;0;0
4629;76;80;75;0;0;0
4632;76;80;80;0;0;0
4635;76;80;73;0;0;0
4638;76;80;78;0;0;0
4642;75;80;78;0;0;0
4645;75;78;75;0;0;0
4648;75;78;76;0;0;0
4652;75;78;76;0;0;0
4655;75;78;78;0;0;0
4658;75;76;76;0;0;0
4662;75;76;76;0;0;0
4665;73;76;75;0;0;0
4668;73;76;73;0;0;0
4671;73;76;72;0;0;0
4675;73;75;75;0;0;0
4678;73;76;72;0;0;0
4681;73;75;73;0;0;0
4685;72;75;73;0;0;0
4688;72;75;72;0;0;0
4691;72;75;73;0;0;0
4695;72;73;75;0;0;0
4698;72;73;76;0;0;0
4701;70;73;73;0;0;0
4705;70;73;67;0;0;0
4708;70;73;70;0;0;0
4711;70;71;70;0;0;0
4714;68;71;70;0;0;0
4718;68;71;73;0;0;0
4721;68;71;67;0;0;0
4724;68;71;65;0;0;0
4728;68;70;63;0;0;0
4731;68;70;70;0;0;0
4734;67;70;67;0;0;0
4738;67;70;65;0;0;0
4741;67;70;70;0;0;0
4744;67;70;63;0;0;0
4747;67;70;63;0;0;0
4751;67;68;67;0;0;0
4754;65;68;68;0;0;0
4757;65;68;63;0;0;0
4761;65;68;63;0;0;0
4764;65;68;65;0;0;0
4767;65;67;65;0;0;0
4771;65;67;63;0;0;0
4774;63;67;70;0;0;0
4777;63;67;67;0;0;0
4780;63;67;65;0;0;0
4784;63;65;63;0;0;0
4787;63;67;60;0;0;0
4790;63;65;62;0;0;0
4794;62;65;63;0;0;0
4797;62;65;63;0;0;0
4800;62;63;62;0;0;0
4804;62;63;62;0;0;0
4807;62;63;63;0;0;0
4810;62;63;58;0;0;0
4813;60;63;62;0;0;0
4817;60;63;62;0;0;0
4820;60;63;57;0;0;0
4823;60;62;60;0;0;0
4827;60;62;58;0;0;0
4830;60;62;63;0;0;0
4833;60;62;60;0;0;0
4837;58;62;58;0;0;0
4840;58;60;57;0;0;0
4843;58;60;57;0;0;0
4846;58;60;60;0;0;0
4850;58;60;57;0;0;0
4853;57;60;60;0;0;0
4856;57;60;60;0;0;0
4860;57;58;60;0;0;0
4863;57;58;50;0;0;0
4866;57;58;57;0;0;0
4870;57;58;55;0;0;0
4873;55;58;58;0;0;0
4876;57;58;55;0;0;0
4879;55;58;57;0;0;0
4883;55;57;58;0;0;0
4886;55;57;57;0;0;0
4889;55;57;54;0;0;0
4893;55;57;52;0;0;0
4896;54;57;57;0;0;0
4899;54;55;54;0;0;0
4903;54;57;55;0;0;0
4906;54;55;60;0;0;0
4909;54;55;57;0;0;0
4912;54;55;47;0;0;0
4916;54;55;54;0;0;0
4919;52;53;49;0;0;0
4922;52;53;44;0;0;0
4926;52;53;55;0;0;0
4929;52;53;49;0;0;0
4932;50;53;60;0;0;0
4936;52;53;55;0;0;0
4939;50;53;45;0;0;0
4942;50;52;57;0;0;0
4945;50;52;52;0;0;0
4949;50;52;47;0;0;0
4952;50;52;55;0;0;0
4955;50;52;49;0;0;0
4959;49;52;49;0;0;0
4962;50;52;52;0;0;0
4965;49;50;52;0;0;0
4969;49;50;50;0;0;0
4972;49;50;49;0;0;0
4975;49;50;49;0;0;0
4978;49;50;49;0;0;0
4982;49;49;47;0;0;0
4985;47;50;47;0;0;0
4988;47;50;47;0;0;0
4992;47;49;49;0;0;0
4995;47;49;45;0;0;0
4998;47;49;47;0;0;0
5002;45;49;50;0;0;0
5005;45;49;45;0;0;0
5008;45;49;49;0;0;0
5012;45;49;49;0;0;0
5015;45;49;47;0;0;0
5018;45;47;45;0;0;0
5021;45;47;49;0;0;0
5025;45;47;45;0;0;0
5028;44;47;47;0;0;0
5031;44;47;45;0;0;0
5035;44;45;45;0;0;0
5038;44;45;39;0;0;0
5041;42;45;45;0;0;0
5045;44;45;47;0;0;0
5048;42;45;44;0;0;0
5051;42;45;47;0;0;0
5054;42;45;40;0;0;0
5058;42;44;44;0;0;0
5061;42;44;40;0;0;0
5064;42;44;40;0;0;0
5068;40;44;45;0;0;0
5071;40;44;40;0;0;0
5074;40;44;42;0;0;0
5078;40;44;42;0;0;0
5081;40;44;36;0;0;0
5084;40;42;42;0;0;0
5087;40;42;40;0;0;0
5091;39;42;44;0;0;0
5094;39;42;39;0;0;0
5097;39;42;40;0;0;0
5101;37;42;37;0;0;0
5104;39;40;44;0;0;0
5107;39;40;40;0;0;0
5111;39;40;39;0;0;0
5114;37;40;34;0;0;0
5117;37;40;37;0;0;0
5120;37;40;39;0;0;0
5124;37;40;49;0;0;0
5127;37;40;37;0;0;0
5130;36;39;37;0;0;0
5134;36;39;45;0;0;0
5137;36;39;42;0;0;0
5140;36;39;37;0;0;0
5144;36;39;36;0;0;0
5147;34;39;42;0;0;0
5150;34;37;39;0;0;0
5153;34;37;37;0;0;0
5157;34;37;34;0;0;0
5160;34;37;42;0;0;0
5163;34;37;39;0;0;0
5167;34;37;37;0;0;0
5170;34;37;34;0;0;0
5173;32;35;29;0;0;0
5177;32;35;36;0;0;0
5180;32;35;36;0;0;0
5183;32;35;34;0;0;0
5186;32;35;34;0;0;0
5190;32;35;34;0;0;0
5193;32;34;37;0;0;0
5196;31;34;36;0;0;0
5200;31;34;32;0;0;0
5203;31;34;34;0;0;0
5206;31;34;32;0;0;0
5210;31;34;32;0;0;0
5213;31;34;36;0;0;0
5216;31;32;34;0;0;0
5219;29;32;34;0;0;0
5223;31;32;34;0;0;0
5226;29;32;31;0;0;0
5229;29;32;32;0;0;0
5233;29;32;31;0;0;0
5236;29;32;29;0;0;0
5239;29;32;31;0;0;0
5243;29;32;31;0;0;0
5246;27;31;34;0;0;0
5249;27;31;31;0;0;0
5252;27;31;27;0;0;0
5256;27;31;29;0;0;0
5259;27;31;31;0;0;0
5262;27;31;29;0;0;0
5266;27;31;29;0;0;0
5269;27;29;27;0;0;0
5272;26;29;29;0;0;0
5276;27;29;29;0;0;0
5279;26;29;26;0;0;0
5282;26;29;27;0;0;0
5285;26;29;26;0;0;0
5289;26;27;24;0;0;0
5292;26;27;29;0;0;0
5295;26;27;27;0;0;0
5299;26;27;26;0;0;0
5302;24;27;31;0;0;0
5305;24;27;26;0;0;0
5309;24;27;24;0;0;0
5312;24;26;21;0;0;0
5315;22;26;26;0;0;0
5319;22;27;29;0;0;0
5322;22;26;26;0;0;0
5325;22;26;26;0;0;0
5328;22;26;24;0;0;0
5332;22;26;27;0;0;0
5335;22;26;26;0;0;0
5338;22;26;27;0;0;0
5342;22;24;26;0;0;0
5345;22;24;21;0;0;0
5348;21;24;24;0;0;0
5352;21;24;26;0;0;0
5355;21;24;26;0;0;0
5358;21;22;22;0;0;0
5361;21;22;22;0;0;0
5365;21;22;21;0;0;0
5368;21;22;21;0;0;0
5371;21;22;21;0;0;0
5375;19;22;26;0;0;0
5378;19;22;21;0;0;0
5381;19;22;22;0;0;0
5385;19;21;16;0;0;0
5388;19;21;24;0;0;0
5391;19;21;19;0;0;0
5394;19;21;22;0;0;0
5398;18;21;24;0;0;0
5401;18;21;18;0;0;0
5404;18;21;18;0;0;0
5408;18;19;19;0;0;0
5411;18;19;18;0;0;0
5414;16;19;21;0;0;0
5418;16;19;19;0;0;0
5421;16;19;18;0;0;0
5424;16;19;18;0;0;0
5427;16;19;18;0;0;0
5431;16;17;14;0;0;0
5434;16;17;21;0;0;0
5437;16;17;21;0;0;0
5441;14;17;19;0;0;0
5444;14;17;18;0;0;0
5447;14;17;19;0;0;0
5451;14;16;18;0;0;0
5454;14;16;19;0;0;0
5457;14;16;13;0;0;0
5460;14;16;16;0;0;0
5464;13;16;14;0;0;0
5467;14;16;14;0;0;0
5470;14;16;16;0;0;0
5474;13;14;13;0;0;0
5477;13;14;18;0;0;0
5480;13;14;13;0;0;0
5484;13;14;13;0;0;0
5487;13;14;13;0;0;0
5490;11;13;14;0;0;0
5493;11;13;13;0;0;0
5497;11;13;14;0;0;0
5500;11;13;14;0;0;0
5503;11;13;11;0;0;0
5507;11;11;13;0;0;0
5510;11;11;18;0;0;0
5513;11;11;13;0;0;0
5517;9;11;11;0;0;0
5520;9;11;14;0;0;0
5523;9;11;13;0;0;0
5526;9;9;11;0;0;0
5530;8;11;6;0;0;0
5533;8;9;14;0;0;0
5536;9;9;13;0;0;0
5540;8;9;11;0;0;0
5543;8;9;8;0;0;0
5546;8;9;9;0;0;0
5550;8;9;11;0;0;0
5553;8;9;11;0;0;0
5556;8;9;9;0;0;0
5559;8;9;11;0;0;0
5563;6;8;9;0;0;0
5566;6;8;8;0;0;0
5569;6;8;8;0;0;0
5573;6;8;8;0;0;0
5576;6;8;11;0;0;0
5579;6;8;6;0;0;0
5583;6;6;6;0;0;0
5586;6;6;13;0;0;0
5589;4;6;6;0;0;0
5592;4;6;9;0;0;0
5596;4;6;4;0;0;0
5599;4;6;8;0;0;0
5602;4;4;11;0;0;0
5606;4;4;4;0;0;0
5609;4;4;6;0;0;0
5612;3;4;6;0;0;0
5616;3;4;3;0;0;0
5619;3;4;6;0;0;0
5622;4;4;1;0;0;0
5625;3;3;4;0;0;0
5629;3;3;9;0;0;0
5632;3;3;3;0;0;0
5635;3;3;3;0;0;0
5635;3;3;3;0;0;0
5636;3;3;3;0;0;0
5636;3;3;3;0;0;0
5636;3;3;3;0;0;0
5636;3;3;3;0;0;0
5636;3;3;3;0;0;0
5637;3;3;3;0;0;0
5637;3;3;3;0;0;0
5637;3;3;3;0;0;0
5637;3;3;3;0;0;0
5637;3;3;3;0;0;0
5638;3;3;3;0;0;0
5638;3;3;3;0;0;0
5638;3;3;3;0;0;0
5638;3;3;3;0;0;0
5638;3;3;3;0;0;0
5639;3;3;3;0;0;0
5639;3;3;3;0;0;0
5639;3;3;3;0;0;0
5639;3;3;3;0;0;0
5639;3;3;3;0;0;0
5640;3;3;3;0;0;0
5640;3;3;3;0;0;0
5640;3;3;3;0;0;0
5640;3;3;3;0;0;0
5640;3;3;3;0;0;0
5641;3;3;3;0;0;0
5641;3;3;3;0;0;0
5641;3;3;3;0;0;0
5641;3;3;3;0;0;0
5641;3;3;3;0;0;0
5642;3;3;3;0;0;0
5642;3;3;3;0;0;0
5642;3;3;3;0;0;0
5642;3;3;3;0;0;0
5642;3;3;3;0;0;0
5642;3;3;3;0;0;0
5643;3;3;3;0;0;0
5643;3;3;3;0;0;0
5643;3;3;3;0;0;0
5643;3;3;3;0;0;0
5643;3;3;3;0;0;0
5644;3;3;3;0;0;0
5644;3;3;3;0;0;0
5644;3;3;3;0;0;0
5644;3;3;3;0;0;0
5644;3;3;3;0;0;0
5645;3;3;3;0;0;0
5645;3;3;3;0;0;0
5645;3;3;3;0;0;0
5645;3;3;3;0;0;0
5645;3;3;3;0;0;0
5646;3;3;3;0;0;0
5646;3;3;3;0;0;0
5646;3;3;3;0;0;0
5646;3;3;3;0;0;0
5646;3;3;3;0;0;0
5647;3;3;3;0;0;0
5647;3;3;3;0;0;0
5647;3;3;3;0;0;0
5647;3;3;3;0;0;0
5647;3;3;3;0;0;0
5648;3;3;3;0;0;0
5648;3;3;3;0;0;0
5648;3;3;3;0;0;0
5648;3;3;3;0;0;0
5648;3;3;3;0;0;0
5649;3;3;3;0;0;0
5649;3;3;3;0;0;0
5649;3;3;3;0;0;0
5649;3;3;3;0;0;0
5649;3;3;3;0;0;0
5649;3;3;3;0;0;0
5650;3;3;3;0;0;0
5650;3;3;3;0;0;0
5650;3;3;3;0;0;0
5650;3;3;3;0;0;0
5650;3;3;3;0;0;0
5651;3;3;3;0;0;0
5651;3;3;3;0;0;0
5651;3;3;3;0;0;0
5651;3;3;3;0;0;0
5651;3;3;3;0;0;0
5652;3;3;3;0;0;0
5652;3;3;3;0;0;0
5652;3;3;3;0;0;0
5652;3;3;3;0;0;0
5652;3;3;3;0;0;0
5653;3;3;3;0;0;0
5653;3;3;3;0;0;0
5653;3;3;3;0;0;0
5653;3;3;3;0;0;0
5653;3;3;3;0;0;0
5654;3;3;3;0;0;0
5654;3;3;3;0;0;0
5654;3;3;3;0;0;0
5654;3;3;3;0;0;0
5654;3;3;3;0;0;0
5655;3;3;3;0;0;0
5655;3;3;3;0;0;0
5655;3;3;3;0;0;0
5655;3;3;3;0;0;0
5655;3;3;3;0;0;0
5656;3;3;3;0;0;0
5656;3;3;3;0;0;0
5656;3;3;3;0;0;0
5656;3;3;3;0;0;0
5656;3;3;3;0;0;0
5657;3;3;3;0;0;0
5657;3;3;3;0;0;0
5657;3;3;3;0;0;0
5657;3;3;3;0;0;0
5657;3;3;3;0;0;0
5657;3;3;3;0;0;0
5658;3;3;3;0;0;0
5658;3;3;3;0;0;0
5658;3;3;3;0;0;0
5658;3;3;3;0;0;0
5658;3;3;3;0;0;0
5659;3;3;3;0;0;0
5659;3;3;3;0;0;0
5659;3;3;3;0;0;0
5659;3;3;3;0;0;0
5659;3;3;3;0;0;0
5660;3;3;3;0;0;0
5660;3;3;3;0;0;0
5660;3;3;3;0;0;0
5660;3;3;3;0;0;0
5660;3;3;3;0;0;0
5661;3;3;3;0;0;0
5661;3;3;3;0;0;0
5661;3;3;3;0;0;0
5661;3;3;3;0;0;0
5661;3;3;3;0;0;0
5662;3;3;3;0;0;0
5662;3;3;3;0;0;0
5662;3;3;3;0;0;0
5662;3;3;3;0;0;0
5662;3;3;3;0;0;0
5663;3;3;3;0;0;0
5663;3;3;3;0;0;0
5663;3;3;3;0;0;0
5663;3;3;3;0;0;0
5663;3;3;3;0;0;0
5664;3;3;3;0;0;0
5664;3;3;3;0;0;0
5664;3;3;3;0;0;0
5664;3;3;3;0;0;0
5664;3;3;3;0;0;0
5664;3;3;3;0;0;0
5665;3;3;3;0;0;0
5665;3;3;3;0;0;0
5665;3;3;3;0;0;0
5665;3;3;3;0;0;0
5665;3;3;3;0;0;0
5666;3;3;3;0;0;0
5666;3;3;3;0;0;0
5666;3;3;3;0;0;0
5666;3;3;3;0;0;0
5666;3;3;3;0;0;0
5667;3;3;3;0;0;0
5667;3;3;3;0;0;0
5667;3;3;3;0;0;0
5667;3;3;3;0;0;0
5667;3;3;3;0;0;0
5668;3;3;3;0;0;0
5668;3;3;3;0;0;0
5668;3;3;3;0;0;0
5668;3;3;3;0;0;0
5668;3;3;3;0;0;0
5669;3;3;3;0;0;0
5669;3;3;3;0;0;0
5669;3;3;3;0;0;0
5669;3;3;3;0;0;0
5669;3;3;3;0;0;0
5670;3;3;3;0;0;0
5670;3;3;3;0;0;0
5670;3;3;3;0;0;0
5670;3;3;3;0;0;0
5670;3;3;3;0;0;0
5671;3;3;3;0;0;0
5671;3;3;3;0;0;0
5671;3;3;3;0;0;0
5671;3;3;3;0;0;0
5671;3;3;3;0;0;0
5671;3;3;3;0;0;0
5672;3;3;3;0;0;0
5672;3;3;3;0;0;0
5672;3;3;3;0;0;0
5672;3;3;3;0;0;0
5672;3;3;3;0;0;0
5673;3;3;3;0;0;0
5673;3;3;3;0;0;0
5673;3;3;3;0;0;0
5673;3;3;3;0;0;0
5673;3;3;3;0;0;0
5674;3;3;3;0;0;0
5674;3;3;3;0;0;0
5674;3;3;3;0;0;0
5674;3;3;3;0;0;0
5674;3;3;3;0;0;0
5675;3;3;3;0;0;0
5675;3;3;3;0;0;0
5675;3;3;3;0;0;0
5675;3;3;3;0;0;0
5675;3;3;3;0;0;0
5676;3;3;3;0;0;0
5676;3;3;3;0;0;0
5676;3;3;3;0;0;0
5676;3;3;3;0;0;0
5676;3;3;3;0;0;0
5677;3;3;3;0;0;0
5677;3;3;3;0;0;0
5677;3;3;3;0;0;0
5677;3;3;3;0;0;0
5677;3;3;3;0;0;0
5678;3;3;3;0;0;0
5678;3;3;3;0;0;0
5678;3;3;3;0;0;0
5678;3;3;3;0;0;0
5678;3;3;3;0;0;0
5678;3;3;3;0;0;0
5679;3;3;3;0;0;0
5679;3;3;3;0;0;0
5679;3;3;3;0;0;0
5679;3;3;3;0;0;0
5679;3;3;3;0;0;0
5680;3;3;3;0;0;0
5680;3;3;3;0;0;0
5680;3;3;3;0;0;0
5680;3;3;3;0;0;0
5680;3;3;3;0;0;0
5681;3;3;3;0;0;0
5681;3;3;3;0;0;0
5681;3;3;3;0;0;0
5681;3;3;3;0;0;0
5681;3;3;3;0;0;0
5682;3;3;3;0;0;0
5682;3;3;3;0;0;0
5682;3;3;3;0;0;0
5682;3;3;3;0;0;0
5682;3;3;3;0;0;0
5683;3;3;3;0;0;0
5683;3;3;3;0;0;0
5683;3;3;3;0;0;0
5683;3;3;3;0;0;0
5683;3;3;3;0;0;0
5684;3;3;3;0;0;0
5684;3;3;3;0;0;0
5684;3;3;3;0;0;0
5684;3;3;3;0;0;0
5684;3;3;3;0;0;0
5685;3;3;3;0;0;0
5685;3;3;3;0;0;0
5685;3;3;3;0;0;0
5685;3;3;3;0;0;0
5685;3;3;3;0;0;0
5686;3;3;3;0;0;0
5686;3;3;3;0;0;0
5686;3;3;3;0;0;0
5686;3;3;3;0;0;0
5686;3;3;3;0;0;0
5686;3;3;3;0;0;0
5687;3;3;3;0;0;0
5687;3;3;3;0;0;0
5687;3;3;3;0;0;0
5687;3;3;3;0;0;0
5687;3;3;3;0;0;0
5688;3;3;3;0;0;0
5688;3;3;3;0;0;0
5688;3;3;3;0;0;0
5688;3;3;3;0;0;0
5688;3;3;3;0;0;0
5689;3;3;3;0;0;0
5689;3;3;3;0;0;0
5689;3;3;3;0;0;0
5689;3;3;3;0;0;0
5689;3;3;3;0;0;0
5690;3;3;3;0;0;0
5690;3;3;3;0;0;0
5690;3;3;3;0;0;0
5690;3;3;3;0;0;0
5690;3;3;3;0;0;0
5691;3;3;3;0;0;0
5691;3;3;3;0;0;0
5691;3;3;3;0;0;0
5691;3;3;3;0;0;0
5691;3;3;3;0;0;0
5692;3;3;3;0;0;0
5692;3;3;3;0;0;0
5692;3;3;3;0;0;0
5692;3;3;3;0;0;0
5692;3;3;3;0;0;0
5693;3;3;3;0;0;0
5693;3;3;3;0;0;0
5693;3;3;3;0;0;0
5693;3;3;3;0;0;0
5693;3;3;3;0;0;0
5693;3;3;3;0;0;0
5694;3;3;3;0;0;0
5694;3;3;3;0;0;0
5694;3;3;3;0;0;0
5694;3;3;3;0;0;0
5694;3;3;3;0;0;0
5695;3;3;3;0;0;0
5695;3;3;3;0;0;0
5695;3;3;3;0;0;0
5695;3;3;3;0;0;0
5695;3;3;3;0;0;0
5696;3;3;3;0;0;0
5696;3;3;3;0;0;0
5696;3;3;3;0;0;0
5696;3;3;3;0;0;0
5696;3;3;3;0;0;0
5697;3;3;3;0;0;0
5697;3;3;3;0;0;0
5697;3;3;3;0;0;0
5697;3;3;3;0;0;0
5697;3;3;3;0;0;0
5698;3;3;3;0;0;0
5698;3;3;3;0;0;0
5698;3;3;3;0;0;0
5698;3;3;3;0;0;0
5698;3;3;3;0;0;0
5699;3;3;3;0;0;0
5699;3;3;3;0;0;0
5699;3;3;3;0;0;0
5699;3;3;3;0;0;0
5699;3;3;3;0;0;0
5700;3;3;3;0;0;0
5700;3;3;3;0;0;0
5700;3;3;3;0;0;0
5700;3;3;3;0;0;0
5700;3;3;3;0;0;0
5700;3;3;3;0;0;0
5701;3;3;3;0;0;0
5701;3;3;3;0;0;0
5701;3;3;3;0;0;0
5701;3;3;3;0;0;0
5701;3;3;3;0;0;0
5702;3;3;3;0;0;0
5702;3;3;3;0;0;0
5702;3;3;3;0;0;0
5702;3;3;3;0;0;0
5702;3;3;3;0;0;0
5703;3;3;3;0;0;0
5703;3;3;3;0;0;0
5703;3;3;3;0;0;0
5703;3;3;3;0;0;0
5703;3;3;3;0;0;0
5704;3;3;3;0;0;0
5704;3;3;3;0;0;0
5704;3;3;3;0;0;0
5704;3;3;3;0;0;0
5704;3;3;3;0;0;0
5705;3;3;3;0;0;0
5705;3;3;3;0;0;0
5705;3;3;3;0;0;0
5705;3;3;3;0;0;0
5705;3;3;3;0;0;0
5706;3;3;3;0;0;0
5706;3;3;3;0;0;0
5706;3;3;3;0;0;0
5706;3;3;3;0;0;0
5706;3;3;3;0;0;0
5707;3;3;3;0;0;0
5707;3;3;3;0;0;0
5707;3;3;3;0;0;0
5707;3;3;3;0;0;0
5707;3;3;3;0;0;0
5707;3;3;3;0;0;0
5708;3;3;3;0;0;0
5708;3;3;3;0;0;0
5708;3;3;3;0;0;0
5708;3;3;3;0;0;0
5708;3;3;3;0;0;0
5709;3;3;3;0;0;0
5709;3;3;3;0;0;0
5709;3;3;3;0;0;0
5709;3;3;3;0;0;0
5709;3;3;3;0;0;0
5710;3;3;3;0;0;0
5710;3;3;3;0;0;0
5710;3;3;3;0;0;0
5710;3;3;3;0;0;0
5710;3;3;3;0;0;0
5711;3;3;3;0;0;0
5711;3;3;3;0;0;0
5711;3;3;3;0;0;0
5711;3;3;3;0;0;0
5711;3;3;3;0;0;0
5712;3;3;3;0;0;0
5712;3;3;3;0;0;0
5712;3;3;3;0;0;0
5712;3;3;3;0;0;0
5712;3;3;3;0;0;0
5713;3;3;3;0;0;0
5713;3;3;3;0;0;0
5713;3;3;3;0;0;0
5713;3;3;3;0;0;0
5713;3;3;3;0;0;0
5714;3;3;3;0;0;0
5714;3;3;3;0;0;0
5714;3;3;3;0;0;0
5714;3;3;3;0;0;0
5714;3;3;3;0;0;0
5715;3;3;3;0;0;0
5715;3;3;3;0;0;0
5715;3;3;3;0;0;0
5715;3;3;3;0;0;0
5715;3;3;3;0;0;0
5715;3;3;3;0;0;0
5716;3;3;3;0;0;0
5716;3;3;3;0;0;0
5716;3;3;3;0;0;0
5716;3;3;3;0;0;0
5716;3;3;3;0;0;0
5717;3;3;3;0;0;0
5717;3;3;3;0;0;0
5717;3;3;3;0;0;0
5717;3;3;3;0;0;0
5717;3;3;3;0;0;0
5718;3;3;3;0;0;0
5718;3;3;3;0;0;0
5718;3;3;3;0;0;0
5718;3;3;3;0;0;0
5718;3;3;3;0;0;0
5719;3;3;3;0;0;0
5719;3;3;3;0;0;0
5719;3;3;3;0;0;0
5719;3;3;3;0;0;0
5719;3;3;3;0;0;0
5720;3;3;3;0;0;0
5720;3;3;3;0;0;0
5720;3;3;3;0;0;0
5720;3;3;3;0;0;0
5720;3;3;3;0;0;0
5721;3;3;3;0;0;0
5721;3;3;3;0;0;0
5721;3;3;3;0;0;0
5721;3;3;3;0;0;0
5721;3;3;3;0;0;0
5722;3;3;3;0;0;0
5722;3;3;3;0;0;0
5722;3;3;3;0;0;0
5722;3;3;3;0;0;0
5722;3;3;3;0;0;0
5722;3;3;3;0;0;0
5723;3;3;3;0;0;0
5723;3;3;3;0;0;0
5723;3;3;3;0;0;0
5723;3;3;3;0;0;0
5723;3;3;3;0;0;0
5724;3;3;3;0;0;0
5724;3;3;3;0;0;0
5724;3;3;3;0;0;0
5724;3;3;3;0;0;0
5724;3;3;3;0;0;0
5725;3;3;3;0;0;0
5725;3;3;3;0;0;0
5725;3;3;3;0;0;0
5725;3;3;3;0;0;0
5725;3;3;3;0;0;0
5726;3;3;3;0;0;0
5726;3;3;3;0;0;0
5726;3;3;3;0;0;0
5726;3;3;3;0;0;0
5726;3;3;3;0;0;0
5727;3;3;3;0;0;0
5727;3;3;3;0;0;0
5727;3;3;3;0;0;0
5727;3;3;3;0;0;0
5727;3;3;3;0;0;0
5728;3;3;3;0;0;0
5728;3;3;3;0;0;0
5728;3;3;3;0;0;0
5728;3;3;3;0;0;0
5728;3;3;3;0;0;0
5729;3;3;3;0;0;0
5729;3;3;3;0;0;0
5729;3;3;3;0;0;0
5729;3;3;3;0;0;0
5729;3;3;3;0;0;0
5729;3;3;3;0;0;0
5730;3;3;3;0;0;0
5730;3;3;3;0;0;0
5730;3;3;3;0;0;0
5730;3;3;3;0;0;0
5730;3;3;3;0;0;0
5731;3;3;3;0;0;0
5731;3;3;3;0;0;0
5731;3;3;3;0;0;0
5731;3;3;3;0;0;0
5731;3;3;3;0;0;0
5732;3;3;3;0;0;0
5732;3;3;3;0;0;0
5732;3;3;3;0;0;0
5732;3;3;3;0;0;0
5732;3;3;3;0;0;0
5733;3;3;3;0;0;0
5733;3;3;3;0;0;0
5733;3;3;3;0;0;0
5733;3;3;3;0;0;0
5733;3;3;3;0;0;0
5734;3;3;3;0;0;0
5734;3;3;3;0;0;0
5734;3;3;3;0;0;0
5734;3;3;3;0;0;0
5734;3;3;3;0;0;0
5735;3;3;3;0;0;0
5735;3;3;3;0;0;0
5735;3;3;3;0;0;0
5735;3;3;3;0;0;0
5735;3;3;3;0;0;0
5736;3;3;3;0;0;0
5736;3;3;3;0;0;0
5736;3;3;3;0;0;0
5736;3;3;3;0;0;0
5736;3;3;3;0;0;0
5736;3;3;3;0;0;0
5737;3;3;3;0;0;0
5737;3;3;3;0;0;0
5737;3;3;3;0;0;0
